#Data tag : 19v3 , Norm tag: None
#run:fill,time,ncms,hltpath,delivered(/pb),recorded(/pb)
273158:4915,05/11/16 20:42:35,1279,HLT_ZeroBias_v2,0.000158091,0.000148418
273302:4919,05/13/16 02:13:38,459,HLT_ZeroBias_v2,0.000050254,0.000048210
273402:4924,05/14/16 01:49:19,193,HLT_ZeroBias_v2,0.000020562,0.000019452
273403:4924,05/14/16 03:05:27,53,HLT_ZeroBias_v2,0.000005666,0.000005379
273404:4924,05/14/16 03:31:50,18,HLT_ZeroBias_v2,0.000001911,0.000001804
273405:4924,05/14/16 03:42:33,24,HLT_ZeroBias_v2,0.000002539,0.000002361
273406:4924,05/14/16 03:56:09,112,HLT_ZeroBias_v2,0.000011677,0.000011149
273408:4924,05/14/16 04:52:04,6,HLT_ZeroBias_v2,0.000307712,0.000266167
273409:4924,05/14/16 04:56:41,309,HLT_ZeroBias_v2,0.000031045,0.000027894
273410:4924,05/14/16 06:59:49,90,HLT_ZeroBias_v2,0.000008775,0.000008063
273411:4924,05/14/16 07:38:50,29,HLT_ZeroBias_v2,0.000002318,0.000002171
273425:4925,05/14/16 11:17:57,671,HLT_ZeroBias_v2,0.000083010,0.000078928
273446:4926,05/14/16 20:06:55,33,HLT_ZeroBias_v2,0.000004627,0.000004326
273447:4926,05/14/16 20:26:09,411,HLT_ZeroBias_v2,0.000055001,0.000052364
273448:4926,05/14/16 23:11:51,391,HLT_ZeroBias_v2,0.000047052,0.000044784
273449:4926,05/15/16 01:48:09,214,HLT_ZeroBias_v2,0.000007452,0.000007109
273450:4926,05/15/16 03:19:37,643,HLT_ZeroBias_v2,0.000020376,0.000019511
273492:4930,05/16/16 09:07:35,265,HLT_ZeroBias_v2,0.000025610,0.000024515
273493:4930,05/16/16 10:54:39,233,HLT_ZeroBias_v2,0.000021868,0.000021016
273494:4930,05/16/16 12:28:40,192,HLT_ZeroBias_v2,0.000017612,0.000017042
273502:4935,05/16/16 20:00:07,989,HLT_ZeroBias_v2,0.000098212,0.000094577
273503:4935,05/17/16 02:31:25,598,HLT_ZeroBias_v2,0.000052846,0.000051218
273554:4942,05/18/16 05:30:44,361,HLT_ZeroBias_v2,0.000042142,0.000040413
273555:4942,05/18/16 07:55:51,173,HLT_ZeroBias_v2,0.000019030,0.000018416
273725:4947,05/20/16 02:37:26,2462,HLT_ZeroBias_v2,0.000241899,0.000233844
273728:4947,05/20/16 19:02:03,100,HLT_ZeroBias_v2,0.000007705,0.000007404
273730:4947,05/20/16 19:47:25,2121,HLT_ZeroBias_v2,0.000134217,0.000130778
274094:4953,05/27/16 02:21:04,225,HLT_ZeroBias_v2,0.000030615,0.000029459
274146:4956,05/27/16 22:10:11,67,HLT_ZeroBias_v2,0.000008272,0.000007856
274157:4958,05/28/16 11:50:04,430,HLT_ZeroBias_v2,0.000051605,0.000048975
274159:4958,05/28/16 14:43:47,43,HLT_ZeroBias_v2,0.000005035,0.000004460
274160:4958,05/28/16 15:02:52,207,HLT_ZeroBias_v2,0.000022399,0.000021474
274161:4958,05/28/16 16:26:18,516,HLT_ZeroBias_v2,0.000054696,0.000052821
274172:4960,05/29/16 00:45:19,65,HLT_ZeroBias_v2,0.000006432,0.000005617
274198:4961,05/29/16 20:00:35,111,HLT_ZeroBias_v2,0.000012702,0.000011671
274199:4961,05/29/16 20:45:19,623,HLT_ZeroBias_v2,0.000072346,0.000069488
274200:4961,05/30/16 00:52:14,678,HLT_ZeroBias_v2,0.000066470,0.000064496
274240:4964,05/30/16 13:59:19,81,HLT_ZeroBias_v2,0.000011135,0.000010512
274241:4964,05/30/16 14:43:35,1166,HLT_ZeroBias_v2,0.000138088,0.000133409
274244:4964,05/30/16 22:34:22,607,HLT_ZeroBias_v2,0.000062764,0.000060759
274250:4965,05/31/16 05:55:31,701,HLT_ZeroBias_v2,0.000060207,0.000056979
274251:4965,05/31/16 10:30:54,546,HLT_ZeroBias_v2,0.000053539,0.000051817
274283:4976,06/01/16 03:25:26,18,HLT_ZeroBias_v2,0.000006826,0.000000822
274284:4976,06/01/16 03:34:51,208,HLT_ZeroBias_v2,0.000073930,0.000070259
274286:4976,06/01/16 05:04:18,154,HLT_ZeroBias_v2,0.000053168,0.000050889
274314:4979,06/01/16 15:02:56,61,HLT_ZeroBias_v2,0.000047463,0.000042664
274315:4979,06/01/16 15:32:32,423,HLT_ZeroBias_v2,0.000313352,0.000298057
274316:4979,06/01/16 18:20:25,959,HLT_ZeroBias_v2,0.000604987,0.000584876
274317:4979,06/02/16 00:39:53,3,HLT_ZeroBias_v2,0.000025955,0.000020267
274319:4979,06/02/16 00:56:19,225,HLT_ZeroBias_v2,0.000126588,0.000122436
274335:4980,06/02/16 09:10:43,944,HLT_ZeroBias_v2,0.000668353,0.000639950
274336:4980,06/02/16 15:25:02,14,HLT_ZeroBias_v2,0.000008999,0.000007811
274337:4980,06/02/16 15:33:18,15,HLT_ZeroBias_v2,0.000009595,0.000007989
274338:4980,06/02/16 15:41:22,698,HLT_ZeroBias_v2,0.000622846,0.000587072
274339:4980,06/02/16 20:15:40,90,HLT_ZeroBias_v2,0.000075048,0.000072051
274344:4980,06/02/16 21:27:09,632,HLT_ZeroBias_v2,0.000483750,0.000467693
274345:4980,06/03/16 01:37:46,170,HLT_ZeroBias_v2,0.000121961,0.000118238
274382:4984,06/03/16 15:37:56,51,HLT_ZeroBias_v2,0.000035438,0.000032985
274387:4985,06/03/16 19:10:09,352,HLT_ZeroBias_v2,0.000274239,0.000258580
274388:4985,06/03/16 21:32:38,1820,HLT_ZeroBias_v2,0.001171434,0.001129162
274420:4988,06/04/16 20:17:21,175,HLT_ZeroBias_v2,0.000131048,0.000124718
274421:4988,06/04/16 21:28:04,342,HLT_ZeroBias_v2,0.000249410,0.000239356
274422:4988,06/04/16 23:46:51,2207,HLT_ZeroBias_v2,0.001270183,0.001231649
274440:4990,06/05/16 19:32:38,402,HLT_ZeroBias_v2,0.000294224,0.000282182
274441:4990,06/05/16 22:13:06,431,HLT_ZeroBias_v2,0.000293540,0.000283988
274442:4990,06/06/16 01:05:09,752,HLT_ZeroBias_v2,0.000454783,0.000439978
274954:5005,06/11/16 09:40:51,20,HLT_ZeroBias_v3,0.000017261,0.000014367
274955:5005,06/11/16 09:52:07,91,HLT_ZeroBias_v3,0.000074519,0.000071092
274968:5013,06/11/16 22:51:22,1192,HLT_ZeroBias_v3,0.000899842,0.000860481
274969:5013,06/12/16 06:41:54,1003,HLT_ZeroBias_v3,0.000603549,0.000562586
274970:5013,06/12/16 13:12:54,47,HLT_ZeroBias_v3,0.000025307,0.000019108
274971:5013,06/12/16 13:33:30,905,HLT_ZeroBias_v3,0.000447729,0.000433909
274998:5017,06/13/16 04:19:54,719,HLT_ZeroBias_v3,0.000053089,0.000050189
274999:5017,06/13/16 09:04:45,1241,HLT_ZeroBias_v3,0.000074917,0.000072333
275000:5017,06/13/16 17:15:35,136,HLT_ZeroBias_v3,0.000007259,0.000007027
275001:5017,06/13/16 18:12:42,2057,HLT_ZeroBias_v3,0.000090208,0.000087861
275059:5020,06/14/16 16:49:52,37,HLT_ZeroBias_v3,0.000002984,0.000002706
275066:5020,06/14/16 17:45:35,96,HLT_ZeroBias_v3,0.000008551,0.000008127
275067:5020,06/14/16 18:28:40,392,HLT_ZeroBias_v3,0.000032745,0.000031549
275068:5020,06/14/16 21:06:59,915,HLT_ZeroBias_v3,0.000065784,0.000063251
275073:5020,06/15/16 03:33:57,517,HLT_ZeroBias_v3,0.000031408,0.000030300
275074:5020,06/15/16 06:58:09,646,HLT_ZeroBias_v3,0.000034850,0.000033764
275124:5021,06/15/16 17:50:26,325,HLT_ZeroBias_v3,0.000026085,0.000024914
275125:5021,06/15/16 20:00:21,989,HLT_ZeroBias_v3,0.000069271,0.000066308
275282:5024,06/17/16 00:06:15,90,HLT_ZeroBias_v3,0.000006914,0.000006551
275283:5024,06/17/16 00:43:11,132,HLT_ZeroBias_v3,0.000010360,0.000009865
275284:5024,06/17/16 01:36:53,74,HLT_ZeroBias_v3,0.000005685,0.000005474
275290:5024,06/17/16 03:58:56,48,HLT_ZeroBias_v3,0.000003386,0.000001179
275291:5024,06/17/16 04:28:35,347,HLT_ZeroBias_v3,0.000023509,0.000022758
275292:5024,06/17/16 06:46:47,121,HLT_ZeroBias_v3,0.000007244,0.000006905
275293:5024,06/17/16 07:37:27,200,HLT_ZeroBias_v3,0.000011462,0.000011073
275309:5026,06/17/16 13:48:15,563,HLT_ZeroBias_v3,0.000037791,0.000036414
275310:5026,06/17/16 17:32:53,1929,HLT_ZeroBias_v3,0.000101770,0.000098667
275311:5026,06/18/16 06:07:07,1253,HLT_ZeroBias_v3,0.000048788,0.000047626
275319:5027,06/18/16 18:56:15,142,HLT_ZeroBias_v3,0.000011421,0.000010835
275337:5027,06/18/16 21:26:04,427,HLT_ZeroBias_v3,0.000031592,0.000030337
275338:5027,06/19/16 00:15:37,520,HLT_ZeroBias_v3,0.000034452,0.000033338
275344:5028,06/19/16 08:18:25,281,HLT_ZeroBias_v3,0.000023213,0.000022295
275345:5028,06/19/16 10:12:11,353,HLT_ZeroBias_v3,0.000027545,0.000026340
275370:5029,06/19/16 16:19:29,285,HLT_ZeroBias_v3,0.000024079,0.000022895
275371:5029,06/19/16 18:16:49,564,HLT_ZeroBias_v3,0.000043637,0.000041760
275375:5030,06/20/16 02:17:12,1323,HLT_ZeroBias_v3,0.000094783,0.000091258
275376:5030,06/20/16 10:55:04,3095,HLT_ZeroBias_v3,0.000147513,0.000143648
275657:5038,06/24/16 03:33:42,105,HLT_ZeroBias_v3,0.000008955,0.000008202
275658:5038,06/24/16 04:17:17,337,HLT_ZeroBias_v3,0.000027789,0.000026302
275659:5038,06/24/16 06:31:38,17,HLT_ZeroBias_v3,0.000001458,0.000001408
275761:5043,06/25/16 04:25:26,9,HLT_ZeroBias_v3,0.000000845,0.000000740
275767:5043,06/25/16 05:32:46,4,HLT_ZeroBias_v3,0.000053827,0.000047560
275772:5043,06/25/16 06:29:27,56,HLT_ZeroBias_v3,0.000004711,0.000004531
275773:5043,06/25/16 06:53:33,7,HLT_ZeroBias_v3,0.000088165,0.000078696
275774:5043,06/25/16 07:01:55,312,HLT_ZeroBias_v3,0.000025574,0.000024449
275776:5043,06/25/16 09:11:23,140,HLT_ZeroBias_v3,0.000010877,0.000010327
275777:5043,06/25/16 10:12:24,300,HLT_ZeroBias_v3,0.000022158,0.000021277
275778:5043,06/25/16 12:13:15,305,HLT_ZeroBias_v3,0.000021065,0.000020305
275782:5043,06/25/16 14:44:49,761,HLT_ZeroBias_v3,0.000045963,0.000044243
275832:5045,06/26/16 17:18:04,367,HLT_ZeroBias_v3,0.000034399,0.000032251
275833:5045,06/26/16 19:45:07,248,HLT_ZeroBias_v3,0.000021341,0.000020568
275834:5045,06/26/16 21:26:02,297,HLT_ZeroBias_v3,0.000023965,0.000023063
275835:5045,06/26/16 23:24:23,13,HLT_ZeroBias_v3,0.000001008,0.000000919
275836:5045,06/26/16 23:32:00,1277,HLT_ZeroBias_v3,0.000085941,0.000082019
275837:5045,06/27/16 07:59:11,715,HLT_ZeroBias_v3,0.000038243,0.000037090
275847:5045,06/27/16 13:59:22,2263,HLT_ZeroBias_v3,0.000090595,0.000088433
275886:5048,06/28/16 08:40:35,37,HLT_ZeroBias_v3,0.000003576,0.000003367
275890:5048,06/28/16 09:27:45,1393,HLT_ZeroBias_v3,0.000108776,0.000104452
275911:5052,06/29/16 01:49:35,377,HLT_ZeroBias_v3,0.000033941,0.000032501
275912:5052,06/29/16 04:21:23,289,HLT_ZeroBias_v3,0.000023979,0.000023053
275913:5052,06/29/16 06:19:55,475,HLT_ZeroBias_v3,0.000035807,0.000034030
275918:5052,06/29/16 09:29:20,332,HLT_ZeroBias_v3,0.000022860,0.000022074
275920:5052,06/29/16 11:56:25,459,HLT_ZeroBias_v3,0.000028353,0.000027227
275921:5052,06/29/16 14:59:30,8,HLT_ZeroBias_v3,0.000000476,0.000000446
275923:5052,06/29/16 15:17:42,114,HLT_ZeroBias_v3,0.000006638,0.000006445
275931:5052,06/29/16 16:34:22,85,HLT_ZeroBias_v3,0.000004766,0.000004631
275963:5056,06/30/16 01:02:54,90,HLT_ZeroBias_v3,0.000009165,0.000008683
276092:5060,07/01/16 02:14:32,76,HLT_ZeroBias_v3,0.000007008,0.000006558
276097:5060,07/01/16 03:07:31,507,HLT_ZeroBias_v3,0.000045999,0.000044142
276242:5069,07/02/16 14:05:34,1644,HLT_ZeroBias_v3,0.000125394,0.000119358
276243:5069,07/03/16 00:56:20,608,HLT_ZeroBias_v3,0.000036675,0.000034589
276244:5069,07/03/16 05:04:17,1200,HLT_ZeroBias_v3,0.000061070,0.000058892
276282:5071,07/03/16 18:15:01,1066,HLT_ZeroBias_v4,0.000095184,0.000091309
276283:5071,07/04/16 01:14:13,1085,HLT_ZeroBias_v4,0.000077108,0.000074163
276315:5072,07/04/16 11:19:05,176,HLT_ZeroBias_v4,0.000015963,0.000015121
276317:5072,07/04/16 12:33:38,136,HLT_ZeroBias_v4,0.000012120,0.000011686
276318:5072,07/04/16 13:30:33,566,HLT_ZeroBias_v4,0.000045054,0.000043513
276355:5073,07/04/16 21:39:48,33,HLT_ZeroBias_v4,0.000002874,0.000002755
276361:5073,07/04/16 22:36:15,824,HLT_ZeroBias_v4,0.000069003,0.000066371
276363:5073,07/05/16 04:07:36,1478,HLT_ZeroBias_v4,0.000095889,0.000091700
276384:5073,07/05/16 13:47:06,1116,HLT_ZeroBias_v4,0.000055602,0.000054015
276437:5076,07/06/16 02:58:47,2125,HLT_ZeroBias_v4,0.000164260,0.000157965
276454:5076,07/06/16 18:08:15,527,HLT_ZeroBias_v4,0.000029259,0.000028414
276458:5076,07/07/16 02:00:22,341,HLT_ZeroBias_v4,0.000015090,0.000014744
276495:5078,07/07/16 11:20:57,182,HLT_ZeroBias_v4,0.000017709,0.000016902
276501:5078,07/07/16 12:47:40,2543,HLT_ZeroBias_v4,0.000185056,0.000178345
276502:5078,07/08/16 05:21:18,740,HLT_ZeroBias_v4,0.000039118,0.000037942
276525:5080,07/08/16 14:15:18,2786,HLT_ZeroBias_v4,0.000185076,0.000178882
276527:5080,07/09/16 08:34:41,214,HLT_ZeroBias_v4,0.000010281,0.000009960
276528:5080,07/09/16 10:01:49,391,HLT_ZeroBias_v4,0.000017500,0.000017047
276542:5083,07/09/16 16:32:22,784,HLT_ZeroBias_v4,0.000069295,0.000065917
276543:5083,07/09/16 21:39:40,948,HLT_ZeroBias_v4,0.000068244,0.000065786
276544:5083,07/10/16 03:53:47,160,HLT_ZeroBias_v4,0.000010178,0.000009776
276545:5083,07/10/16 04:59:24,206,HLT_ZeroBias_v4,0.000012254,0.000011835
276581:5085,07/10/16 12:24:16,366,HLT_ZeroBias_v4,0.000034255,0.000032888
276582:5085,07/10/16 14:52:52,871,HLT_ZeroBias_v4,0.000068964,0.000066612
276583:5085,07/10/16 20:34:28,52,HLT_ZeroBias_v4,0.000003668,0.000003481
276584:5085,07/10/16 20:59:17,2,HLT_ZeroBias_v4,0.000021050,0.000011505
276585:5085,07/10/16 21:31:21,242,HLT_ZeroBias_v4,0.000016170,0.000015496
276586:5085,07/10/16 23:10:31,751,HLT_ZeroBias_v4,0.000044532,0.000043070
276587:5085,07/11/16 04:23:51,1006,HLT_ZeroBias_v4,0.000049612,0.000047837
276653:5091,07/12/16 00:13:18,479,HLT_ZeroBias_v4,0.000039683,0.000038242
276655:5091,07/12/16 03:27:37,1105,HLT_ZeroBias_v4,0.000076050,0.000071440
276659:5091,07/12/16 10:40:23,251,HLT_ZeroBias_v4,0.000014543,0.000013308
276775:5093,07/12/16 21:26:20,1165,HLT_ZeroBias_v4,0.000097037,0.000092080
276776:5093,07/13/16 05:02:29,1823,HLT_ZeroBias_v4,0.000108717,0.000105025
276794:5093,07/13/16 17:05:19,885,HLT_ZeroBias_v4,0.000039776,0.000038763
276807:5095,07/14/16 03:24:10,155,HLT_ZeroBias_v4,0.000014332,0.000013518
276808:5095,07/14/16 04:28:59,875,HLT_ZeroBias_v4,0.000072902,0.000070098
276810:5095,07/14/16 10:15:44,287,HLT_ZeroBias_v4,0.000020739,0.000019865
276811:5095,07/14/16 12:15:34,2562,HLT_ZeroBias_v4,0.000138365,0.000134081
276831:5096,07/15/16 07:47:46,2634,HLT_ZeroBias_v4,0.000184868,0.000177825
276834:5096,07/16/16 01:42:10,720,HLT_ZeroBias_v4,0.000033602,0.000032271
276870:5097,07/16/16 11:02:01,3403,HLT_ZeroBias_v4,0.000389018,0.000374269
276935:5101,07/17/16 23:39:55,824,HLT_ZeroBias_v4,0.000152853,0.000144827
276940:5102,07/18/16 08:13:36,144,HLT_ZeroBias_v4,0.000027966,0.000023453
276946:5102,07/18/16 09:56:36,27,HLT_ZeroBias_v4,0.000005206,0.000003580
276947:5102,07/18/16 10:11:19,132,HLT_ZeroBias_v4,0.000026032,0.000021853
276948:5102,07/18/16 11:09:47,474,HLT_ZeroBias_v4,0.000084857,0.000076335
276950:5102,07/18/16 14:16:45,2353,HLT_ZeroBias_v4,0.000215892,0.000206340
277069:5105,07/19/16 17:52:15,309,HLT_ZeroBias_v4,0.000058326,0.000055731
277070:5105,07/19/16 19:54:11,1058,HLT_ZeroBias_v4,0.000191849,0.000182100
277071:5105,07/20/16 02:48:37,171,HLT_ZeroBias_v4,0.000026005,0.000023405
277072:5105,07/20/16 04:01:41,464,HLT_ZeroBias_v4,0.000053340,0.000051550
277073:5105,07/20/16 07:09:53,90,HLT_ZeroBias_v4,0.000006501,0.000006308
277076:5105,07/20/16 07:55:58,1033,HLT_ZeroBias_v4,0.000058212,0.000055976
277087:5105,07/20/16 17:49:22,988,HLT_ZeroBias_v4,0.000039751,0.000038386
277094:5106,07/21/16 04:03:56,582,HLT_ZeroBias_v4,0.000112211,0.000107678
277096:5106,07/21/16 07:56:14,2085,HLT_ZeroBias_v4,0.000296114,0.000284791
277112:5106,07/21/16 21:30:44,155,HLT_ZeroBias_v4,0.000014976,0.000014428
277126:5107,07/22/16 01:36:48,18,HLT_ZeroBias_v4,0.000003303,0.000001456
277127:5107,07/22/16 01:46:10,901,HLT_ZeroBias_v4,0.000169765,0.000163190
277148:5108,07/22/16 10:31:04,616,HLT_ZeroBias_v4,0.000118986,0.000113899
277166:5109,07/22/16 18:10:23,354,HLT_ZeroBias_v4,0.000065102,0.000061910
277168:5109,07/22/16 20:34:53,2220,HLT_ZeroBias_v4,0.000293737,0.000283265
277180:5110,07/23/16 13:37:57,141,HLT_ZeroBias_v4,0.000027805,0.000025794
277194:5111,07/23/16 18:25:08,1938,HLT_ZeroBias_v4,0.000335012,0.000318457
277305:5116,07/25/16 01:23:14,683,HLT_ZeroBias_v4,0.000134150,0.000127077
277420:5117,07/25/16 19:44:15,261,HLT_ZeroBias_v4,0.000051830,0.000048742
277981:5151,08/01/16 11:54:09,76,HLT_ZeroBias_v4,0.000007903,0.000007258
277991:5151,08/01/16 15:45:06,90,HLT_ZeroBias_v4,0.000008352,0.000007496
277992:5151,08/01/16 16:23:35,311,HLT_ZeroBias_v4,0.000028120,0.000026721
278017:5154,08/01/16 23:26:43,510,HLT_ZeroBias_v4,0.000058529,0.000055443
278018:5154,08/02/16 02:52:01,1156,HLT_ZeroBias_v4,0.000099885,0.000095123
278167:5161,08/03/16 18:39:02,2167,HLT_ZeroBias_v4,0.000145871,0.000139811
278175:5161,08/04/16 08:44:58,88,HLT_ZeroBias_v4,0.000004124,0.000004020
278193:5162,08/04/16 12:31:44,155,HLT_ZeroBias_v4,0.000016139,0.000015356
278239:5163,08/04/16 23:23:01,663,HLT_ZeroBias_v4,0.000062953,0.000059162
278240:5163,08/05/16 03:46:54,1300,HLT_ZeroBias_v4,0.000091143,0.000087500
278273:5169,08/05/16 17:37:20,36,HLT_ZeroBias_v4,0.000006374,0.000005197
278274:5169,08/05/16 17:55:42,84,HLT_ZeroBias_v4,0.000017170,0.000016002
278288:5170,08/05/16 21:11:12,15,HLT_ZeroBias_v4,0.000003319,0.000002552
278289:5170,08/05/16 21:18:02,51,HLT_ZeroBias_v4,0.000009957,0.000008395
278290:5170,08/05/16 21:42:34,11,HLT_ZeroBias_v4,0.000002322,0.000002151
278308:5173,08/06/16 13:00:39,1740,HLT_ZeroBias_v4,0.000413295,0.000395196
278310:5173,08/07/16 00:47:36,708,HLT_ZeroBias_v4,0.000040600,0.000039304
278315:5179,08/07/16 10:56:52,693,HLT_ZeroBias_v4,0.000066472,0.000061059
278345:5181,08/08/16 00:13:39,746,HLT_ZeroBias_v4,0.000072550,0.000066673
278346:5181,08/08/16 05:08:15,117,HLT_ZeroBias_v4,0.000009865,0.000009390
278349:5181,08/08/16 06:27:06,613,HLT_ZeroBias_v4,0.000044055,0.000042111
278366:5181,08/08/16 10:36:47,453,HLT_ZeroBias_v4,0.000027378,0.000026414
278406:5183,08/08/16 17:15:50,1597,HLT_ZeroBias_v4,0.000135962,0.000129057
278509:5187,08/09/16 18:29:15,1467,HLT_ZeroBias_v4,0.000125029,0.000115995
278769:5197,08/13/16 06:38:56,30,HLT_ZeroBias_v4,0.000003306,0.000003055
278770:5197,08/13/16 06:54:00,767,HLT_ZeroBias_v4,0.000072478,0.000069442
278801:5198,08/13/16 14:43:37,38,HLT_ZeroBias_v4,0.000004289,0.000003308
278802:5198,08/13/16 15:01:05,17,HLT_ZeroBias_v4,0.000001709,0.000000723
278803:5198,08/13/16 15:10:53,318,HLT_ZeroBias_v4,0.000032766,0.000030294
278804:5198,08/13/16 17:20:06,4,HLT_ZeroBias_v4,0.000057948,0.000047501
278805:5198,08/13/16 17:23:57,274,HLT_ZeroBias_v4,0.000025052,0.000023493
278808:5198,08/13/16 19:25:19,1791,HLT_ZeroBias_v4,0.000118879,0.000114451
278820:5199,08/14/16 11:00:51,1517,HLT_ZeroBias_v4,0.000124967,0.000120040
278822:5199,08/14/16 21:52:47,1627,HLT_ZeroBias_v4,0.000082719,0.000080140
278873:5205,08/15/16 23:25:45,60,HLT_ZeroBias_v4,0.000004714,0.000000843
278874:5205,08/15/16 23:51:53,477,HLT_ZeroBias_v4,0.000036437,0.000034268
278875:5205,08/16/16 03:01:20,833,HLT_ZeroBias_v4,0.000050398,0.000048158
278923:5206,08/16/16 12:16:32,413,HLT_ZeroBias_v4,0.000043086,0.000041258
278957:5209,08/16/16 21:31:36,149,HLT_ZeroBias_v4,0.000015795,0.000015141
278962:5210,08/17/16 01:08:31,341,HLT_ZeroBias_v4,0.000034220,0.000031810
278963:5210,08/17/16 03:24:57,174,HLT_ZeroBias_v4,0.000016135,0.000015511
278969:5211,08/17/16 07:16:52,1386,HLT_ZeroBias_v4,0.000123707,0.000118332
278975:5211,08/17/16 16:23:16,848,HLT_ZeroBias_v4,0.000052684,0.000050308
278976:5211,08/17/16 21:58:16,20,HLT_ZeroBias_v4,0.000001113,0.000001071
278986:5213,08/18/16 04:02:59,129,HLT_ZeroBias_v4,0.000014088,0.000013208
279024:5219,08/18/16 22:31:53,301,HLT_ZeroBias_v4,0.000021890,0.000020792
279029:5219,08/19/16 02:19:40,260,HLT_ZeroBias_v4,0.000016798,0.000015968
279071:5222,08/19/16 15:40:07,174,HLT_ZeroBias_v4,0.000009846,0.000009467
279080:5223,08/19/16 22:42:50,157,HLT_ZeroBias_v4,0.000005547,0.000005354
279115:5229,08/20/16 22:08:09,407,HLT_ZeroBias_v4,0.000036687,0.000035306
279116:5229,08/21/16 01:36:03,448,HLT_ZeroBias_v4,0.000039559,0.000037959
279479:5247,08/25/16 04:33:24,105,HLT_ZeroBias_v4,0.000009641,0.000009123
279588:5251,08/25/16 21:08:11,1160,HLT_ZeroBias_v4,0.000099228,0.000095730
279653:5253,08/26/16 14:05:52,181,HLT_ZeroBias_v4,0.000018852,0.000018167
279654:5253,08/26/16 15:21:58,1245,HLT_ZeroBias_v4,0.000104076,0.000100716
279656:5253,08/26/16 23:49:40,43,HLT_ZeroBias_v4,0.000002822,0.000002383
279658:5253,08/27/16 01:35:19,712,HLT_ZeroBias_v4,0.000040269,0.000039154
279667:5254,08/27/16 09:08:23,966,HLT_ZeroBias_v4,0.000090391,0.000087418
279681:5256,08/27/16 21:57:02,28,HLT_ZeroBias_v4,0.000003038,0.000002792
279682:5256,08/27/16 22:11:02,33,HLT_ZeroBias_v4,0.000003600,0.000003256
279683:5256,08/27/16 22:32:16,26,HLT_ZeroBias_v4,0.000002806,0.000002664
279684:5256,08/27/16 22:46:58,22,HLT_ZeroBias_v4,0.000002323,0.000002220
279685:5256,08/27/16 23:07:12,208,HLT_ZeroBias_v4,0.000020943,0.000020271
279691:5257,08/28/16 03:41:26,43,HLT_ZeroBias_v4,0.000004289,0.000004043
279694:5257,08/28/16 04:03:09,2235,HLT_ZeroBias_v4,0.000175314,0.000170290
279715:5258,08/28/16 22:01:34,577,HLT_ZeroBias_v4,0.000055748,0.000053500
279716:5258,08/29/16 02:17:06,1638,HLT_ZeroBias_v4,0.000110155,0.000107313
279760:5261,08/29/16 20:21:24,655,HLT_ZeroBias_v4,0.000066417,0.000064268
279766:5261,08/30/16 01:08:36,1689,HLT_ZeroBias_v4,0.000115817,0.000112487
279767:5261,08/30/16 12:08:03,776,HLT_ZeroBias_v4,0.000038506,0.000037653
279794:5264,08/30/16 23:41:02,1024,HLT_ZeroBias_v4,0.000096319,0.000093429
279823:5265,08/31/16 10:00:39,335,HLT_ZeroBias_v4,0.000035328,0.000034260
279841:5266,08/31/16 15:23:17,2040,HLT_ZeroBias_v4,0.000164515,0.000159355
279844:5267,09/01/16 07:21:16,224,HLT_ZeroBias_v4,0.000024791,0.000023692
279887:5270,09/01/16 23:20:52,316,HLT_ZeroBias_v4,0.000032005,0.000030696
279931:5274,09/02/16 11:37:39,2934,HLT_ZeroBias_v4,0.000205333,0.000199187
279966:5275,09/03/16 09:20:25,363,HLT_ZeroBias_v4,0.000040598,0.000038942
279975:5276,09/03/16 14:45:09,1024,HLT_ZeroBias_v4,0.000103863,0.000100088
279993:5277,09/04/16 00:23:27,72,HLT_ZeroBias_v4,0.000008065,0.000007568
279994:5277,09/04/16 00:56:48,47,HLT_ZeroBias_v4,0.000005493,0.000005183
280013:5277,09/04/16 03:35:47,25,HLT_ZeroBias_v4,0.000002457,0.000002360
280015:5277,09/04/16 03:55:19,572,HLT_ZeroBias_v4,0.000050148,0.000048260
280016:5277,09/04/16 07:42:16,149,HLT_ZeroBias_v4,0.000011551,0.000011141
280017:5277,09/04/16 08:45:47,608,HLT_ZeroBias_v4,0.000042299,0.000041080
280018:5277,09/04/16 12:47:05,1281,HLT_ZeroBias_v4,0.000068463,0.000066673
280020:5277,09/04/16 21:15:15,45,HLT_ZeroBias_v4,0.000002007,0.000001934
280024:5277,09/04/16 21:47:39,427,HLT_ZeroBias_v4,0.000017866,0.000017541
280187:5279,09/05/16 20:24:23,57,HLT_ZeroBias_v4,0.000006132,0.000005534
280188:5279,09/05/16 20:50:25,245,HLT_ZeroBias_v4,0.000026871,0.000025774
280191:5279,09/05/16 22:40:17,897,HLT_ZeroBias_v4,0.000077768,0.000074974
280194:5279,09/06/16 06:00:49,238,HLT_ZeroBias_v4,0.000015843,0.000015370
280242:5282,09/06/16 15:43:40,625,HLT_ZeroBias_v4,0.000064408,0.000061835
280249:5282,09/06/16 19:52:07,1432,HLT_ZeroBias_v4,0.000103602,0.000100258
280251:5282,09/07/16 05:14:58,371,HLT_ZeroBias_v4,0.000020304,0.000019778
280327:5287,09/08/16 08:23:13,37,HLT_ZeroBias_v4,0.000003997,0.000003651
280330:5287,09/08/16 08:46:53,857,HLT_ZeroBias_v4,0.000080779,0.000077799
280349:5287,09/08/16 14:27:22,620,HLT_ZeroBias_v4,0.000045131,0.000043654
280363:5287,09/08/16 18:47:24,359,HLT_ZeroBias_v4,0.000021677,0.000020967
280364:5287,09/08/16 21:09:57,1349,HLT_ZeroBias_v4,0.000067446,0.000065094
280383:5288,09/09/16 08:41:13,2,HLT_ZeroBias_v4,0.000000228,0.000000104
280384:5288,09/09/16 08:49:12,33,HLT_ZeroBias_v4,0.000003541,0.000003269
280385:5288,09/09/16 09:11:36,2012,HLT_ZeroBias_v4,0.000158637,0.000152908
281613:5331,09/25/16 06:03:32,795,HLT_ZeroBias_v4,0.000065734,0.000056583
281639:5338,09/26/16 07:45:13,132,HLT_ZeroBias_v4,0.000015511,0.000014560
281641:5338,09/26/16 09:34:34,319,HLT_ZeroBias_v4,0.000048770,0.000046615
281693:5339,09/26/16 16:57:00,2191,HLT_ZeroBias_v4,0.000240903,0.000233138
281707:5340,09/27/16 09:47:29,950,HLT_ZeroBias_v4,0.000108252,0.000103845
281726:5340,09/27/16 16:14:38,288,HLT_ZeroBias_v4,0.000042833,0.000041381
281727:5340,09/27/16 18:10:03,1605,HLT_ZeroBias_v4,0.000120765,0.000117432
281797:5345,09/28/16 12:04:48,2052,HLT_ZeroBias_v4,0.000255932,0.000247182
281975:5351,09/30/16 03:23:12,215,HLT_ZeroBias_v4,0.000024464,0.000022591
281976:5351,09/30/16 04:48:03,2166,HLT_ZeroBias_v4,0.000195957,0.000188790
282033:5352,09/30/16 21:30:43,36,HLT_ZeroBias_v4,0.000003748,0.000003457
282034:5352,09/30/16 21:48:05,33,HLT_ZeroBias_v4,0.000003907,0.000003614
282035:5352,09/30/16 22:03:01,40,HLT_ZeroBias_v4,0.000004578,0.000003938
282037:5352,09/30/16 22:24:14,1861,HLT_ZeroBias_v4,0.000205255,0.000196883
282092:5355,10/02/16 13:49:37,1784,HLT_ZeroBias_v4,0.000201074,0.000194746
282708:5391,10/09/16 08:39:30,8,HLT_ZeroBias_v4,0.000001046,0.000000887
282710:5391,10/09/16 08:49:08,3,HLT_ZeroBias_v4,0.000055084,0.000021758
282712:5391,10/09/16 09:00:13,60,HLT_ZeroBias_v4,0.000007335,0.000006985
282730:5393,10/09/16 12:41:53,76,HLT_ZeroBias_v4,0.000009327,0.000008534
282731:5393,10/09/16 13:13:59,172,HLT_ZeroBias_v4,0.000021053,0.000019879
282732:5393,10/09/16 14:23:16,69,HLT_ZeroBias_v4,0.000007876,0.000007566
282733:5393,10/09/16 14:52:26,177,HLT_ZeroBias_v4,0.000018777,0.000018065
282734:5393,10/09/16 16:03:11,327,HLT_ZeroBias_v4,0.000030613,0.000029500
282735:5393,10/09/16 18:12:39,1819,HLT_ZeroBias_v4,0.000190664,0.000185335
282800:5394,10/10/16 14:17:15,377,HLT_ZeroBias_v4,0.000040708,0.000039180
282807:5394,10/10/16 16:48:03,326,HLT_ZeroBias_v4,0.000031177,0.000029543
282814:5394,10/10/16 18:58:58,1843,HLT_ZeroBias_v4,0.000187181,0.000181311
282842:5395,10/11/16 10:34:00,80,HLT_ZeroBias_v4,0.000010255,0.000009843
282917:5401,10/12/16 01:27:07,74,HLT_ZeroBias_v4,0.000007912,0.000007522
282918:5401,10/12/16 02:00:22,51,HLT_ZeroBias_v4,0.000005625,0.000005392
282919:5401,10/12/16 02:23:36,243,HLT_ZeroBias_v4,0.000024850,0.000023961
282922:5401,10/12/16 05:09:33,131,HLT_ZeroBias_v4,0.000012228,0.000011390
282923:5401,10/12/16 06:04:20,219,HLT_ZeroBias_v4,0.000035634,0.000033941
283042:5405,10/12/16 22:38:59,6,HLT_ZeroBias_v4,0.000100560,0.000089130
283043:5405,10/12/16 22:44:16,517,HLT_ZeroBias_v4,0.000051043,0.000048860
283049:5406,10/13/16 05:05:17,12,HLT_ZeroBias_v4,0.000001630,0.000001311
283050:5406,10/13/16 05:13:23,212,HLT_ZeroBias_v4,0.000025973,0.000024258
283052:5406,10/13/16 06:45:19,111,HLT_ZeroBias_v4,0.000012641,0.000012048
283059:5406,10/13/16 08:00:56,450,HLT_ZeroBias_v4,0.000043116,0.000041356
283270:5416,10/14/16 18:39:48,1833,HLT_ZeroBias_v4,0.000223571,0.000216349
283283:5416,10/15/16 06:37:08,1744,HLT_ZeroBias_v4,0.000084836,0.000082775
283305:5418,10/15/16 21:41:13,7,HLT_ZeroBias_v4,0.000000900,0.000000582
283306:5418,10/15/16 21:46:57,289,HLT_ZeroBias_v4,0.000033597,0.000032179
283307:5418,10/15/16 23:43:44,454,HLT_ZeroBias_v4,0.000043856,0.000041985
283308:5418,10/16/16 02:46:26,945,HLT_ZeroBias_v4,0.000131835,0.000126867
283353:5421,10/16/16 19:55:17,743,HLT_ZeroBias_v4,0.000082904,0.000080005
283358:5421,10/17/16 00:50:19,980,HLT_ZeroBias_v4,0.000133176,0.000126151
283359:5421,10/17/16 07:15:19,428,HLT_ZeroBias_v4,0.000048943,0.000047796
283407:5423,10/17/16 21:54:07,33,HLT_ZeroBias_v4,0.000004575,0.000004109
283408:5423,10/17/16 22:10:43,2344,HLT_ZeroBias_v4,0.000271213,0.000262512
283416:5423,10/18/16 15:16:09,195,HLT_ZeroBias_v4,0.000009323,0.000009067
283453:5424,10/18/16 19:07:49,455,HLT_ZeroBias_v4,0.000053860,0.000051614
283469:5426,10/19/16 01:09:36,1,HLT_ZeroBias_v4,0.000000140,0.000000013
283478:5427,10/19/16 04:13:19,874,HLT_ZeroBias_v4,0.000091429,0.000088019
283548:5433,10/19/16 22:58:39,144,HLT_ZeroBias_v4,0.000012268,0.000011839
283680:5437,10/21/16 03:17:51,81,HLT_ZeroBias_v4,0.000008250,0.000007929
283681:5437,10/21/16 03:56:07,17,HLT_ZeroBias_v4,0.000001681,0.000001597
283682:5437,10/21/16 04:08:38,384,HLT_ZeroBias_v4,0.000037813,0.000036604
283685:5437,10/21/16 06:40:48,314,HLT_ZeroBias_v4,0.000017568,0.000017047
283820:5439,10/21/16 20:48:18,1482,HLT_ZeroBias_v4,0.000224525,0.000217212
283830:5439,10/22/16 06:27:24,722,HLT_ZeroBias_v4,0.000088138,0.000085738
283834:5439,10/22/16 11:11:28,81,HLT_ZeroBias_v4,0.000008600,0.000007554
283835:5439,10/22/16 11:45:28,111,HLT_ZeroBias_v4,0.000010883,0.000009486
283865:5441,10/22/16 17:30:09,1177,HLT_ZeroBias_v4,0.000229069,0.000221451
283876:5442,10/23/16 03:38:50,657,HLT_ZeroBias_v4,0.000142430,0.000137129
283877:5442,10/23/16 07:59:53,1496,HLT_ZeroBias_v4,0.000212577,0.000205942
283884:5443,10/23/16 23:44:05,404,HLT_ZeroBias_v4,0.000089316,0.000085348
283885:5443,10/24/16 02:25:30,1723,HLT_ZeroBias_v4,0.000250517,0.000243431
283933:5446,10/24/16 18:32:31,145,HLT_ZeroBias_v4,0.000035381,0.000033771
283934:5446,10/24/16 19:33:15,1258,HLT_ZeroBias_v4,0.000234345,0.000225721
283946:5448,10/25/16 07:30:41,1377,HLT_ZeroBias_v4,0.000261162,0.000251453
283964:5448,10/25/16 16:29:30,388,HLT_ZeroBias_v4,0.000050770,0.000049216
284006:5450,10/26/16 01:53:26,318,HLT_ZeroBias_v4,0.000050073,0.000048365
284014:5450,10/26/16 03:59:16,266,HLT_ZeroBias_v4,0.000041190,0.000040101
284025:5451,10/26/16 08:56:43,48,HLT_ZeroBias_v4,0.000010566,0.000010210
284029:5451,10/26/16 09:19:00,112,HLT_ZeroBias_v4,0.000026607,0.000025071
284035:5451,10/26/16 10:04:52,360,HLT_ZeroBias_v4,0.000075865,0.000073365
284036:5451,10/26/16 12:28:09,346,HLT_ZeroBias_v4,0.000062626,0.000060055
284037:5451,10/26/16 14:48:03,340,HLT_ZeroBias_v4,0.000053964,0.000052309
284038:5451,10/26/16 17:02:16,55,HLT_ZeroBias_v4,0.000008138,0.000007633
284039:5451,10/26/16 17:27:02,30,HLT_ZeroBias_v4,0.000004358,0.000004022
284040:5451,10/26/16 17:42:18,33,HLT_ZeroBias_v4,0.000004739,0.000004567
284041:5451,10/26/16 17:59:11,44,HLT_ZeroBias_v4,0.000006056,0.000005712
284042:5451,10/26/16 18:23:53,129,HLT_ZeroBias_v4,0.000017266,0.000016518
284043:5451,10/26/16 19:17:23,220,HLT_ZeroBias_v4,0.000027210,0.000026589
284044:5451,10/26/16 20:46:05,30,HLT_ZeroBias_v4,0.000003666,0.000003594
#Summary:
#hltpath,nfill,nrun,ncms,totdelivered(/pb),totrecorded(/pb)
#HLT_ZeroBias_v2,23,66,29641,0.009552631,0.009130777
#HLT_ZeroBias_v3,19,72,38302,0.004421863,0.004211920
#HLT_ZeroBias_v4,102,255,164298,0.016437437,0.015705665
#
#Sum delivered  : 0.030411931
#Sum recorded : 0.029048362
#Check JSON:
#(run,ls) in json but not in results: []
